{"loss": [1.940492868423462, 1.8021957874298096, 1.4400193691253662, 1.9001004695892334, 1.5292675495147705], "val_acc": [0.3333333432674408, 0.3333333432674408, 0.3333333432674408, 0.3333333432674408, 0.3333333432674408], "val_loss": [3.2159767150878906, 1.4665786027908325, 1.52175772190094, 2.189229726791382, 2.41156268119812], "acc": [0.3333333432674408, 0.36666667461395264, 0.36666667461395264, 0.13333334028720856, 0.3333333432674408]}